{
    "Camera1": {
        "K": [
            [
                503.08949033467076,
                0,
                252.22554928228206
            ],
            [
                0,
                505.27804443737273,
                197.4976481937245
            ],
            [
                0,
                0,
                1
            ]
        ],
        "RadialDistortion": [
            -0.53121607589723452,
            0.32567461424943817
        ],
        "TangentialDistortion": [
            0,
            0
        ],
        "ImageSize": [
            384,
            512
        ]
    },
    "Camera2": {
        "K": [
            [
                507.53213460978452,
                0,
                266.24601915039324
            ],
            [
                0,
                509.64242234736531,
                193.11779054745435
            ],
            [
                0,
                0,
                1
            ]
        ],
        "RadialDistortion": [
            -0.52653916463895578,
            0.30034716614880297
        ],
        "TangentialDistortion": [
            0,
            0
        ],
        "ImageSize": [
            384,
            512
        ]
    },
    "PoseCamera2": {
        "R": [
            [
                0.99990744184722036,
                0.013543189889190423,
                -0.0012999023705211224
            ],
            [
                -0.01353491202068937,
                0.9998893096067818,
                0.0061785670397994071
            ],
            [
                0.0013834359904797045,
                -0.0061604010988268844,
                0.99998006758293023
            ]
        ],
        "Translation": [
            -140.94242371656748,
            1.9162461773267936,
            0.45532105991590233
        ]
    }
}