{
    "Camera1": {
        "K": [
            [
                2136.8434440902506,
                0,
                991.82629070090286
            ],
            [
                0,
                2151.7315041482625,
                793.11149188829506
            ],
            [
                0,
                0,
                1
            ]
        ],
        "RadialDistortion": [
            -0.5237321811201171,
            0.2724444653153455
        ],
        "TangentialDistortion": [
            0,
            0
        ]
    },
    "Camera2": {
        "K": [
            [
                2171.9518450795563,
                0,
                1080.8663781947917
            ],
            [
                0,
                2179.8359641960906,
                786.45222758599039
            ],
            [
                0,
                0,
                1
            ]
        ],
        "RadialDistortion": [
            -0.49191034435567049,
            0.20381059634437199
        ],
        "TangentialDistortion": [
            0,
            0
        ]
    },
    "PoseCamera2": {
        "R": [
            [
                0.99987825387969831,
                0.012644663885431864,
                -0.0091427508830849678
            ],
            [
                -0.012543180544737454,
                0.99986001559310045,
                0.011073293998947032
            ],
            [
                0.0092814891212464161,
                -0.010957266693361613,
                0.99989689081739963
            ]
        ],
        "Translation": [
            -163.89729171515873,
            -13.844244751280627,
            16.166075776080749
        ]
    }
}