{
  "rvec": [
    1.2884442676563985,
    -0.2590366026747499,
    0.3177468295001245
  ],
  "tvec": [
    0.045794006706051875,
    -0.33377078986341513,
    -0.002216168162360306
  ],
  "camera_matrix": [
    [
      503.08949033467076,
      0.0,
      252.22554928228206
    ],
    [
      0.0,
      505.2780444373727,
      197.4976481937245
    ],
    [
      0.0,
      0.0,
      1.0
    ]
  ]
}