{
  "rvec": [
    0.7906319953668743,
    -1.4484730458911643,
    1.6377808719085403
  ],
  "tvec": [
    0.21818844526838313,
    -0.15760476403898044,
    0.02509676635966008
  ],
  "camera_matrix": [
    [
      503.08949033467076,
      0.0,
      252.22554928228206
    ],
    [
      0.0,
      505.2780444373727,
      197.4976481937245
    ],
    [
      0.0,
      0.0,
      1.0
    ]
  ]
}